,City,Cloudiness,Country,Date,Humidity,Latitude,Longitude,Max Temperature,Wind Speed
0,Strängnäs,47,SE,2021-04-17,80,59.3774,17.0312,3.33,2.57
1,Mataura,70,NZ,2021-04-17,74,-46.1927,168.8643,15.0,3.58
2,Qaqortoq,0,GL,2021-04-17,50,60.7167,-46.0333,-5.0,1.54
3,Ushuaia,40,AR,2021-04-17,54,-54.8,-68.3,12.0,4.12
4,Hermanus,0,ZA,2021-04-17,33,-34.4187,19.2345,20.56,0.89
5,Lüderitz,7,NA,2021-04-17,38,-26.6481,15.1594,25.46,3.55
6,Port Lincoln,6,AU,2021-04-17,53,-34.7333,135.8667,17.81,2.28
7,Saskylakh,100,RU,2021-04-17,92,71.9167,114.0833,-13.38,5.72
8,Warah,0,PK,2021-04-17,32,27.4481,67.7978,28.61,2.46
9,Soloneshnoye,16,RU,2021-04-17,88,51.6544,84.3197,2.04,1.56
10,Beidao,58,CN,2021-04-17,62,34.5686,105.8933,14.71,2.5
11,Thompson,90,CA,2021-04-17,69,55.7435,-97.8558,-2.0,6.17
12,Yangi Marg`ilon,100,UZ,2021-04-17,51,40.4272,71.7189,14.0,2.06
13,Rikitea,50,PF,2021-04-17,68,-23.1203,-134.9692,25.22,2.39
14,Bluff,90,NZ,2021-04-17,74,-46.6,168.3333,15.0,3.58
15,Fortuna,1,US,2021-04-17,87,40.5982,-124.1573,15.56,4.63
16,Tomatlán,0,MX,2021-04-17,50,19.9333,-105.25,24.91,2.69
17,George Town,20,MY,2021-04-17,89,5.4112,100.3354,28.0,1.03
18,Provideniya,92,RU,2021-04-17,90,64.3833,-173.3,0.16,2.76
19,Tilichiki,8,RU,2021-04-17,76,60.4667,166.1,-1.44,3.88
20,Whitehorse,1,CA,2021-04-17,28,60.7161,-135.0538,13.0,2.57
21,Dunedin,100,NZ,2021-04-17,61,-45.8742,170.5036,13.67,1.72
22,Vaini,20,TO,2021-04-17,69,-21.2,-175.2,27.0,2.57
23,Conceição do Araguaia,0,BR,2021-04-17,100,-8.2578,-49.2647,23.0,1.54
24,Longyearbyen,75,SJ,2021-04-17,69,78.2186,15.6401,0.0,1.54
25,Takoradze,100,GH,2021-04-17,82,4.8845,-1.7554,26.63,3.22
26,Jamestown,75,US,2021-04-17,70,42.097,-79.2353,6.0,4.63
27,Butaritari,98,KI,2021-04-17,77,3.0707,172.7902,27.94,4.04
28,Tasiilaq,90,GL,2021-04-17,86,65.6145,-37.6368,-5.0,1.12
29,Punta Arenas,75,CL,2021-04-17,54,-53.15,-70.9167,12.0,4.12
30,Busselton,0,AU,2021-04-17,58,-33.65,115.3333,19.12,2.89
31,Ostrovnoy,100,RU,2021-04-17,80,68.0531,39.5131,-2.08,3.25
32,Cabo San Lucas,1,MX,2021-04-17,34,22.8909,-109.9124,27.0,2.06
33,Avarua,36,CK,2021-04-17,74,-21.2078,-159.775,28.0,4.12
34,Berlevåg,56,NO,2021-04-17,84,70.8578,29.0864,2.13,6.18
35,Kashgar,40,CN,2021-04-17,25,39.4547,75.9797,16.0,4.0
36,Kousséri,0,CM,2021-04-17,10,12.0769,15.0306,27.0,1.54
37,Boa Vista,40,BR,2021-04-17,69,2.8197,-60.6733,28.0,3.09
38,Airai,58,TL,2021-04-17,58,-8.9266,125.4092,21.57,1.34
39,Langsa,100,ID,2021-04-17,84,4.4683,97.9683,25.84,0.92
40,East London,11,ZA,2021-04-17,54,-33.0153,27.9116,17.04,4.1
41,Vardø,46,NO,2021-04-17,89,70.3705,31.1107,1.46,4.68
42,Tuktoyaktuk,75,CA,2021-04-17,86,69.4541,-133.0374,-4.0,3.09
43,Atuona,64,PF,2021-04-17,73,-9.8,-139.0333,27.07,8.82
44,Cape Town,0,ZA,2021-04-17,77,-33.9258,18.4232,20.56,2.06
45,Örnsköldsvik,8,SE,2021-04-17,93,63.2909,18.7153,-2.0,2.06
46,Fergus Falls,1,US,2021-04-17,40,46.283,-96.0776,11.0,2.57
47,Forsytheganj,100,BY,2021-04-17,93,52.6333,29.7333,7.75,4.08
48,Port Alfred,6,ZA,2021-04-17,51,-33.5906,26.891,18.66,4.86
49,Puerto Madryn,25,AR,2021-04-17,75,-42.7692,-65.0385,15.55,6.93
50,Mandaguaçu,0,BR,2021-04-17,78,-23.3472,-52.0953,21.0,1.35
51,Kuusamo,0,FI,2021-04-17,93,65.9667,29.1833,-4.0,0.51
52,Iranshahr,0,IR,2021-04-17,18,27.2025,60.6848,22.0,2.06
53,Cidreira,100,BR,2021-04-17,85,-30.1811,-50.2056,21.16,3.45
54,Cochabamba,14,BO,2021-04-17,70,-17.3895,-66.1568,15.05,2.05
55,Pemangkat,100,ID,2021-04-17,86,1.1667,108.9667,24.83,5.24
56,Constantine,75,DZ,2021-04-17,87,36.365,6.6147,6.0,2.57
57,Torbay,90,CA,2021-04-17,100,47.6666,-52.7314,2.78,7.72
58,Kaitangata,48,NZ,2021-04-17,61,-46.2817,169.8464,16.11,1.79
59,Pangkalanbuun,100,ID,2021-04-17,89,-2.6833,111.6167,26.12,0.31
60,Naryan-Mar,69,RU,2021-04-17,93,67.6713,53.087,-12.42,2.79
61,Namatanai,82,PG,2021-04-17,69,-3.6667,152.4333,29.47,6.17
62,Arman',100,RU,2021-04-17,93,59.7,150.1667,-1.21,1.42
63,Māgadi,82,IN,2021-04-17,83,12.9667,77.2333,24.0,0.51
64,Tynda,100,RU,2021-04-17,73,55.1667,124.7167,1.71,1.7
65,Gamba,100,GA,2021-04-17,89,-2.65,10.0,25.89,2.07
66,Saint-Philippe,90,RE,2021-04-17,88,-21.3585,55.7679,24.0,3.6
67,Qaanaaq,100,GL,2021-04-17,97,77.484,-69.3632,-18.8,2.84
68,Severo-Kuril'sk,100,RU,2021-04-17,60,50.6789,156.125,3.65,4.46
69,Atherton,100,GB,2021-04-17,82,53.5237,-2.4935,6.67,1.72
70,Chilliwack,0,CA,2021-04-17,29,49.1747,-121.9443,26.11,2.57
71,Bambous Virieux,75,MU,2021-04-17,94,-20.3428,57.7575,24.44,2.57
72,Culaman,75,PH,2021-04-17,94,5.9603,125.6586,23.0,1.54
73,Bengkulu,98,ID,2021-04-17,83,-3.8004,102.2655,25.09,1.42
74,Nizhniy Chir,16,RU,2021-04-17,76,48.3597,43.0865,7.49,1.83
75,Bredasdorp,0,ZA,2021-04-17,93,-34.5322,20.0403,9.0,3.09
76,Fes,0,MA,2021-04-17,94,34.0372,-4.9998,12.0,3.09
77,Caravelas,77,BR,2021-04-17,78,-17.7125,-39.2481,23.21,2.68
78,Puerto Ayora,29,EC,2021-04-17,97,-0.7393,-90.3518,24.44,1.79
79,Mossamedes,0,AO,2021-04-17,65,-15.1961,12.1522,27.86,0.78
80,Manokwari,100,ID,2021-04-17,71,-0.8667,134.0833,27.68,0.87
81,Pingliang,4,CN,2021-04-17,44,35.5392,106.6861,11.6,1.66
82,Klaksvík,100,FO,2021-04-17,87,62.2266,-6.589,8.0,13.89
83,Zeya,96,RU,2021-04-17,53,53.75,127.2667,6.31,3.82
84,Hilo,1,US,2021-04-17,54,19.7297,-155.09,27.0,3.6
85,Martapura,100,ID,2021-04-17,78,-3.4167,114.85,27.0,1.54
86,Hobart,75,AU,2021-04-17,51,-42.8794,147.3294,16.67,8.75
87,Bilma,100,NE,2021-04-17,8,18.6853,12.9164,29.67,3.36
88,Ulaangom,6,MN,2021-04-17,50,49.9811,92.0667,6.28,1.98
89,Castro,10,BR,2021-04-17,94,-24.7911,-50.0119,14.26,1.23
90,Albany,89,US,2021-04-17,75,42.6001,-73.9662,7.78,1.27
91,Galle,100,LK,2021-04-17,87,6.0367,80.217,25.42,1.61
92,Hithadhoo,99,MV,2021-04-17,63,-0.6,73.0833,27.73,1.92
93,Bezhetsk,0,RU,2021-04-17,83,57.7851,36.6965,3.5,3.99
94,Port Macquarie,57,AU,2021-04-17,70,-31.4333,152.9167,20.56,2.68
95,Fairbanks,1,US,2021-04-17,30,64.8378,-147.7164,12.0,4.12
96,San Patricio,90,US,2021-04-17,67,28.017,-97.5169,17.0,7.2
97,Richards Bay,0,ZA,2021-04-17,75,-28.783,32.0377,15.75,4.57
98,Pontal do Paraná,100,BR,2021-04-17,87,-25.6533,-48.5128,15.56,1.34
99,La Ronge,100,CA,2021-04-17,52,55.1001,-105.2842,5.0,6.69
100,Lixouri,100,GR,2021-04-17,90,38.2019,20.4314,14.57,4.41
101,Lakatoro,96,VU,2021-04-17,65,-16.0999,167.4164,29.62,3.27
102,Salice Salentino,20,IT,2021-04-17,87,40.387,17.9607,12.0,1.03
103,Banjar,20,ID,2021-04-17,83,-8.19,114.9675,28.0,1.03
104,Lorengau,94,PG,2021-04-17,69,-2.0226,147.2712,28.72,4.02
105,Nador,0,MA,2021-04-17,88,35.174,-2.9287,14.0,1.03
106,Yicheng,100,CN,2021-04-17,56,31.3705,119.8703,14.81,2.97
107,Bānswāra,0,IN,2021-04-17,29,23.55,74.45,27.34,0.15
108,Rome,75,US,2021-04-17,66,43.2128,-75.4557,8.0,1.54
109,Esperance,0,AU,2021-04-17,77,-33.8667,121.9,15.0,5.66
110,Port Elizabeth,0,ZA,2021-04-17,94,-33.918,25.5701,13.0,2.06
111,Leh,100,IN,2021-04-17,85,34.1667,77.5833,1.05,2.62
112,Flinders,10,AU,2021-04-17,66,-34.5833,150.8552,20.56,1.34
113,Chokurdakh,100,RU,2021-04-17,84,70.6333,147.9167,-7.83,2.56
114,Hualmay,74,PE,2021-04-17,87,-11.0964,-77.6139,20.0,3.24
115,Mayo,100,US,2021-04-17,81,38.8876,-76.5119,11.67,1.97
116,Mar del Plata,90,AR,2021-04-17,100,-38.0023,-57.5575,19.44,2.06
117,New Norfolk,100,AU,2021-04-17,76,-42.7826,147.0587,16.67,2.24
118,Nikolskoye,0,RU,2021-04-17,39,59.7035,30.7861,8.0,3.0
119,Vila Velha,90,BR,2021-04-17,100,-20.3297,-40.2925,25.0,3.6
120,Puerto Carreño,35,CO,2021-04-17,70,6.189,-67.4859,27.76,2.16
121,Karratha,0,AU,2021-04-17,37,-20.7377,116.8463,30.03,5.24
122,Washougal,1,US,2021-04-17,16,45.5826,-122.3534,29.0,2.06
123,Ilulissat,90,GL,2021-04-17,66,69.2167,-51.1,-13.0,7.2
124,Laguna,1,US,2021-04-17,7,38.421,-121.4238,31.0,6.69
125,Satun,40,TH,2021-04-17,100,6.8333,100.0,28.0,1.03
126,Lavrentiya,59,RU,2021-04-17,87,65.5833,-171.0,-0.04,4.56
127,Waipawa,2,NZ,2021-04-17,51,-41.4122,175.5153,17.78,5.14
128,Ingham,90,US,2021-04-17,50,42.6,-84.3833,13.0,1.26
129,Tiksi,100,RU,2021-04-17,85,71.6872,128.8694,-13.58,4.23
130,Zaranj,0,AF,2021-04-17,30,30.9667,61.8833,21.0,10.8
131,Mehrān,0,IR,2021-04-17,37,33.1222,46.1646,12.0,2.06
132,Lazarev,100,RU,2021-04-17,99,52.225,141.5131,0.39,3.27
133,Kahului,40,US,2021-04-17,65,20.8947,-156.47,26.0,5.14
134,Arrondissement de Foix,82,FR,2021-04-17,19,42.8333,1.5833,6.67,1.52
135,Coyhaique,75,CL,2021-04-17,81,-45.5752,-72.0662,10.0,2.06
136,Rincon,90,US,2021-04-17,77,32.296,-81.2354,20.0,4.12
137,Schöneiche,20,DE,2021-04-17,100,52.4667,13.6833,7.22,2.06
138,Cândido de Abreu,30,BR,2021-04-17,92,-24.5669,-51.3333,17.38,1.36
139,Cherskiy,100,RU,2021-04-17,71,68.75,161.3,-2.44,12.37
140,Havøysund,77,NO,2021-04-17,93,70.9963,24.6622,1.0,1.03
141,San Policarpo,100,PH,2021-04-17,93,12.1791,125.5072,25.2,12.52
142,Hamilton,80,US,2021-04-17,82,39.1834,-84.5333,10.0,1.01
143,Paamiut,0,GL,2021-04-17,63,61.994,-49.6678,-10.16,3.77
144,Ponta do Sol,70,PT,2021-04-17,71,32.6667,-17.1,14.44,0.89
145,Tura,1,IN,2021-04-17,78,25.5198,90.2201,21.61,1.65
146,Kapaa,90,US,2021-04-17,60,22.0752,-159.319,24.0,6.17
147,Vzmorye,0,RU,2021-04-17,93,54.6961,20.2361,6.0,1.0
148,Sørland,94,NO,2021-04-17,72,67.667,12.6934,5.32,4.83
149,Sohna,0,IN,2021-04-17,60,28.25,77.0667,21.0,1.64
150,Warwick,90,US,2021-04-17,66,41.7001,-71.4162,8.0,2.06
151,Geraldton,0,AU,2021-04-17,35,-28.7667,114.6,22.0,2.57
152,Mahébourg,75,MU,2021-04-17,94,-20.4081,57.7,24.0,2.57
153,Tual,100,ID,2021-04-17,76,-5.6667,132.75,27.34,4.58
154,Khatanga,100,RU,2021-04-17,92,71.9667,102.5,-17.83,5.87
155,Lebu,100,CL,2021-04-17,91,-37.6167,-73.65,12.86,1.01
156,Bandarbeyla,22,SO,2021-04-17,80,9.4942,50.8122,26.64,2.26
157,Pangoa,90,PE,2021-04-17,97,-12.1167,-73.0,20.63,0.64
158,Leningradskiy,100,RU,2021-04-17,83,69.3833,178.4167,1.65,3.88
159,Quatre Cocos,75,MU,2021-04-17,94,-20.2078,57.7625,24.44,2.57
160,Senneterre,75,CA,2021-04-17,50,48.3835,-77.2328,11.0,2.06
161,Carnarvon,43,AU,2021-04-17,46,-24.8667,113.6333,25.87,1.25
162,Bintulu,40,MY,2021-04-17,94,3.1667,113.0333,25.0,1.54
163,Ouésso,100,CG,2021-04-17,78,1.6136,16.0517,22.23,1.05
164,Aykhal,100,RU,2021-04-17,95,66.0,111.5,-16.72,9.09
165,Kimbe,96,PG,2021-04-17,65,-5.5502,150.1429,29.97,2.33
166,Khartoum,0,SD,2021-04-17,14,15.5518,32.5324,27.22,5.65
167,Bolshaya Martynovka,17,RU,2021-04-17,80,47.271,41.6679,6.64,1.1
168,Taoudenni,0,ML,2021-04-17,15,22.6783,-3.9836,27.89,3.71
169,Batemans Bay,7,AU,2021-04-17,60,-35.7167,150.1833,18.33,0.45
170,Touros,75,BR,2021-04-17,88,-5.1989,-35.4608,25.0,1.54
171,Nanortalik,0,GL,2021-04-17,56,60.1432,-45.2371,-3.64,12.46
172,Narsaq,0,GL,2021-04-17,50,60.9167,-46.05,-5.0,1.54
173,Eyl,98,SO,2021-04-17,64,7.9803,49.8164,27.91,4.68
174,Alofi,7,NU,2021-04-17,69,-19.0595,-169.9187,28.0,3.09
175,Byron Bay,90,AU,2021-04-17,68,-28.65,153.6167,20.0,5.66
176,Rio Verde de Mato Grosso,2,BR,2021-04-17,76,-18.9181,-54.8442,21.75,1.44
177,Ancud,100,CL,2021-04-17,94,-41.8697,-73.8203,12.0,4.12
178,Natal,75,BR,2021-04-17,89,-5.795,-35.2094,26.0,2.06
179,Sikandra Rao,0,IN,2021-04-17,41,27.7,78.4,23.51,1.6
180,Coos Bay,90,US,2021-04-17,93,43.3665,-124.2179,21.67,4.12
181,Mahabad,83,IR,2021-04-17,48,36.7631,45.7222,12.36,1.99
182,Plettenberg Bay,0,ZA,2021-04-17,38,-34.0527,23.3716,19.44,1.52
183,Jutaí,87,BR,2021-04-17,96,-5.1833,-68.9,23.33,0.62
184,Sitka,75,US,2021-04-17,62,57.0531,-135.33,12.0,1.3
185,Luleå,83,SE,2021-04-17,93,65.5842,22.1547,-2.0,0.51
186,Wanaka,100,NZ,2021-04-17,81,-44.7,169.15,10.73,3.59
187,Bilibino,3,RU,2021-04-17,70,68.0546,166.4372,-4.36,2.68
188,Chiapilla,75,MX,2021-04-17,35,16.5167,-92.7333,33.0,6.17
189,Grindavik,75,IS,2021-04-17,60,63.8424,-22.4338,3.0,6.69
190,Tapes,1,BR,2021-04-17,91,-30.6733,-51.3958,19.98,2.66
191,Nyimba,13,ZM,2021-04-17,83,-14.5566,30.8149,15.95,2.74
192,Northam,100,GB,2021-04-17,21,51.0333,-4.2167,3.89,0.45
193,Yulara,0,AU,2021-04-17,34,-25.2406,130.9889,19.0,7.2
194,Juneau,40,US,2021-04-17,28,58.3019,-134.4197,21.0,4.12
195,Kruisfontein,0,ZA,2021-04-17,27,-34.0033,24.7314,17.11,2.68
196,Ushtobe,100,KZ,2021-04-17,51,45.2514,77.9838,13.09,1.49
197,Kiryat Gat,8,IL,2021-04-17,83,31.61,34.7642,20.0,1.6
198,Litovko,92,RU,2021-04-17,74,49.2361,135.1742,6.82,1.88
199,Senanga,8,ZM,2021-04-17,54,-16.1167,23.2667,16.7,3.94
200,Margate,90,GB,2021-04-17,74,51.3813,1.3862,5.0,4.59
201,Salta,75,AR,2021-04-17,94,-24.7859,-65.4117,18.89,2.06
202,Tessalit,100,ML,2021-04-17,20,20.1986,1.0114,29.24,2.86
203,Denpasar,20,ID,2021-04-17,83,-8.65,115.2167,28.0,1.03
204,Gujan-Mestras,0,FR,2021-04-17,81,44.6333,-1.0667,10.0,1.54
205,Mahibadhoo,28,MV,2021-04-17,71,3.7833,72.9667,28.52,4.9
206,Potrero Grande,75,PA,2021-04-17,100,8.8844,-79.8294,26.0,1.54
207,Bathsheba,40,BB,2021-04-17,65,13.2167,-59.5167,26.0,8.75
208,Saint Paul Harbor,90,US,2021-04-17,81,57.79,-152.4072,6.0,2.06
209,Hong Kong,55,HK,2021-04-17,55,22.2855,114.1577,25.0,0.89
210,Ribeira Grande,24,PT,2021-04-17,90,38.5167,-28.7,16.71,5.87
211,Felanitx,20,ES,2021-04-17,93,39.4696,3.1483,7.22,0.51
212,Hasaki,20,JP,2021-04-17,34,35.7333,140.8333,20.0,8.23
213,Lensk,100,RU,2021-04-17,73,60.7253,114.9278,-9.62,6.21
214,Rocha,85,UY,2021-04-17,94,-34.4833,-54.3333,14.97,1.59
215,Cananea,0,MX,2021-04-17,11,30.95,-110.3,22.22,0.45
216,Kommunisticheskiy,94,RU,2021-04-17,82,61.6789,64.4819,-10.36,5.01
217,Los Llanos de Aridane,75,ES,2021-04-17,73,28.6585,-17.9182,20.0,6.69
218,Matara,100,LK,2021-04-17,88,5.9485,80.5353,25.15,1.99
219,Arraial do Cabo,40,BR,2021-04-17,83,-22.9661,-42.0278,24.0,5.14
220,Kaseda-shirakame,40,JP,2021-04-17,47,31.4167,130.3167,14.0,8.75
221,Iskateley,72,RU,2021-04-17,93,67.6803,53.1512,-12.46,2.74
222,Dhidhdhoo,100,MV,2021-04-17,71,6.8833,73.1,28.9,3.0
223,Turukhansk,88,RU,2021-04-17,83,65.8167,87.9833,-15.89,3.56
224,Nuuk,20,GL,2021-04-17,52,64.1835,-51.7216,-10.0,5.66
225,Hofn,100,IS,2021-04-17,99,64.2539,-15.2082,7.47,6.49
226,Dikson,35,RU,2021-04-17,99,73.5069,80.5464,-25.29,1.19
227,Chui,56,UY,2021-04-17,90,-33.6971,-53.4616,17.74,2.55
228,Vila Franca do Campo,75,PT,2021-04-17,100,37.7167,-25.4333,17.0,3.6
229,Rønne,1,DK,2021-04-17,81,55.1009,14.7066,5.0,3.6
230,Bethel,100,US,2021-04-17,69,41.3712,-73.414,8.89,1.24
231,Kavieng,81,PG,2021-04-17,73,-2.5744,150.7967,28.63,4.46
232,Kostomuksha,13,RU,2021-04-17,97,64.571,30.5767,-2.59,0.46
233,Bokhan,100,RU,2021-04-17,55,53.153,103.7714,-2.3,4.72
234,Westerly,90,US,2021-04-17,87,41.3776,-71.8273,9.0,1.12
235,Orahovac,75,XK,2021-04-17,81,42.3994,20.6547,3.0,3.09
236,San Jose,1,US,2021-04-17,43,37.3394,-121.895,22.78,6.17
237,Pinos,20,MX,2021-04-17,7,22.3,-101.5667,31.0,3.6
238,Kaya,92,BF,2021-04-17,40,13.0917,-1.0844,29.99,4.44
239,Acapulco de Juárez,40,MX,2021-04-17,69,16.8634,-99.8901,28.0,4.57
240,Erenhot,0,CN,2021-04-17,18,43.6475,111.9767,10.85,8.7
241,Phalaborwa,0,ZA,2021-04-17,82,-23.943,31.1411,15.0,1.03
242,Hobyo,12,SO,2021-04-17,70,5.3505,48.5268,28.26,4.64
243,Reriutaba,49,BR,2021-04-17,90,-4.1417,-40.5822,22.92,0.77
244,Upernavik,100,GL,2021-04-17,88,72.7868,-56.1549,-15.46,3.63
245,Tiarei,20,PF,2021-04-17,66,-17.5333,-149.3333,31.0,5.14
246,Lázaro Cárdenas,0,MX,2021-04-17,62,17.9583,-102.2,25.73,4.02
247,Shenjiamen,89,CN,2021-04-17,46,29.9576,122.298,13.52,0.83
248,Iqaluit,40,CA,2021-04-17,79,63.7506,-68.5145,-10.0,1.54
249,Rafrāf,20,TN,2021-04-17,87,37.1904,10.1837,10.0,2.06
250,Čitluk,75,BA,2021-04-17,100,43.2286,17.7008,7.0,1.54
251,Shatrovo,26,RU,2021-04-17,77,56.5167,64.6333,2.59,4.79
252,Bako,100,ET,2021-04-17,80,5.7833,36.5667,18.09,1.94
253,Broome,90,US,2021-04-17,75,42.2506,-75.833,7.22,3.6
254,Cayenne,75,GF,2021-04-17,74,4.9333,-52.3333,27.22,4.12
255,São Filipe,0,CV,2021-04-17,73,14.8961,-24.4956,22.04,4.4
256,Marzuq,0,YE,2021-04-17,40,14.4,46.4667,19.26,1.51
257,Robertsport,100,LR,2021-04-17,74,6.7533,-11.3686,25.82,0.72
258,Barrow,1,US,2021-04-17,74,71.2906,-156.7887,0.0,6.17
259,Ocós,75,GT,2021-04-17,70,14.5094,-92.1933,30.0,3.6
260,Taos,90,US,2021-04-17,93,36.4072,-105.5731,-0.56,4.12
261,Harper,97,LR,2021-04-17,86,4.375,-7.7169,25.28,2.46
262,Egvekinot,100,RU,2021-04-17,99,66.3167,-179.1667,-2.21,5.57
263,Pisco,0,PE,2021-04-17,88,-13.7,-76.2167,19.44,8.23
264,Bairiki Village,75,KI,2021-04-17,70,1.3292,172.9752,31.0,5.14
265,Adrasmon,90,TJ,2021-04-17,39,40.6472,69.9856,17.0,10.0
266,Santana do Livramento,75,BR,2021-04-17,86,-30.8908,-55.5328,17.38,3.48
267,Lata,100,PT,2021-04-17,82,40.1629,-8.3327,10.56,0.89
268,Malakal,66,SS,2021-04-17,14,9.5334,31.6605,29.35,1.53
269,Port Blair,13,IN,2021-04-17,73,11.6667,92.75,28.04,2.49
270,Tongchuanshi,95,CN,2021-04-17,23,35.0806,109.0897,14.65,1.97
271,Lunca Banului,0,RO,2021-04-17,71,46.595,28.1683,9.0,2.06
272,Naze,40,JP,2021-04-17,48,28.3667,129.4833,19.0,6.69
273,Coquimbo,75,CL,2021-04-17,82,-29.9533,-71.3436,15.0,1.54
274,Miracema do Tocantins,100,BR,2021-04-17,81,-9.5618,-48.3967,24.37,0.46
275,Sokolo,8,ML,2021-04-17,19,14.7328,-6.1219,30.59,2.43
276,Meulaboh,87,ID,2021-04-17,83,4.1363,96.1285,25.98,1.71
277,Cuamba,66,MZ,2021-04-17,86,-14.8031,36.5372,17.77,3.69
278,Samālkha,0,IN,2021-04-17,47,29.2333,77.0167,21.81,1.61
279,Waingapu,99,ID,2021-04-17,72,-9.6567,120.2641,28.01,3.66
280,Muros,100,ES,2021-04-17,76,42.7762,-9.0603,10.0,2.78
281,São Félix do Xingu,95,BR,2021-04-17,97,-6.6447,-51.995,21.94,0.38
282,Jackson,1,US,2021-04-17,13,42.4165,-122.8345,27.22,2.57
283,Atambua,74,ID,2021-04-17,65,-9.1061,124.8925,26.88,1.24
284,Davila,75,PH,2021-04-17,58,18.4726,120.5763,30.0,5.14
285,Decatur,90,US,2021-04-17,41,39.8403,-88.9548,15.0,2.5
286,Thinadhoo,63,MV,2021-04-17,61,0.5333,72.9333,27.97,2.1
287,Konëvo,29,RU,2021-04-17,92,62.1215,39.3192,1.01,2.04
288,Sinnamary,65,GF,2021-04-17,76,5.3833,-52.95,26.07,6.39
289,Riviere-au-Renard,90,CA,2021-04-17,86,48.9957,-64.3971,1.0,1.54
290,Katsuura,0,JP,2021-04-17,39,35.1333,140.3,18.89,6.26
291,Gizo Government Station,100,SB,2021-04-17,73,-8.103,156.8419,28.97,1.97
292,Souillac,75,MU,2021-04-17,94,-20.5167,57.5167,24.0,2.57
293,Camaná,26,PE,2021-04-17,80,-16.6228,-72.7111,20.32,2.86
294,Kirovskiy,17,RU,2021-04-17,53,45.0917,133.5136,9.93,4.93
295,Moose Factory,20,CA,2021-04-17,86,51.2585,-80.6094,-1.0,2.57
296,Punta de Bombón,64,PE,2021-04-17,78,-17.1717,-71.7931,19.9,2.01
297,Yoshida-kasugachō,75,JP,2021-04-17,87,37.6833,138.8833,12.78,9.77
298,Mount Isa,0,AU,2021-04-17,29,-20.7333,139.5,26.0,6.69
299,Bykovo,0,RU,2021-04-17,36,55.6361,38.0803,8.89,4.0
300,Álamos,0,MX,2021-04-17,35,27.0167,-108.9333,28.89,3.07
301,Aswān,0,EG,2021-04-17,23,24.0934,32.907,24.33,3.37
302,Knysna,0,ZA,2021-04-17,71,-34.0363,23.0471,13.0,1.03
303,Disna,21,BY,2021-04-17,93,55.568,28.1971,6.9,4.02
304,Korla,99,CN,2021-04-17,22,41.7597,86.1469,16.88,5.1
305,Constitución,100,CL,2021-04-17,87,-35.3333,-72.4167,13.22,1.78
306,Ketchikan,1,US,2021-04-17,44,55.3422,-131.6461,16.0,3.09
307,Gouré,97,NE,2021-04-17,7,13.9835,10.2704,28.17,2.74
308,Tutóia,52,BR,2021-04-17,87,-2.7619,-42.2744,25.67,5.2
309,Tambopata,100,PE,2021-04-17,97,-12.7333,-69.1833,22.85,0.36
310,Arrondissement de Bergerac,0,FR,2021-04-17,87,44.8333,0.5,5.56,1.54
311,Tiznit Province,6,MA,2021-04-17,67,29.5833,-9.5,16.07,1.2
312,Laas,0,IT,2021-04-17,74,46.6166,10.7002,2.78,3.09
313,Beringovskiy,100,RU,2021-04-17,98,63.05,179.3167,0.32,5.06
314,Homer,1,US,2021-04-17,40,59.6425,-151.5483,11.0,2.06
315,Yellowknife,75,CA,2021-04-17,64,62.456,-114.3525,1.0,3.09
316,Vostok,0,RU,2021-04-17,41,46.4856,135.8833,8.3,2.51
317,Tacoaleche,40,MX,2021-04-17,3,22.8167,-102.4167,26.0,10.29
318,Riyadh,100,SA,2021-04-17,22,24.6877,46.7219,24.0,3.09
319,Solnechnyy,8,RU,2021-04-17,69,50.7214,136.6319,7.59,1.37
320,Hirado,40,JP,2021-04-17,51,33.3597,129.5531,14.0,9.77
321,Te Anau,84,NZ,2021-04-17,80,-45.4167,167.7167,13.27,2.96
322,Carndonagh,100,IE,2021-04-17,93,55.25,-7.2667,6.34,4.93
323,Mizhou,0,CN,2021-04-17,23,35.9947,119.3975,15.35,3.41
324,Adrar,0,MR,2021-04-17,21,20.5022,-10.0711,22.29,4.57
325,Prince Rupert,1,CA,2021-04-17,34,54.3161,-130.3201,18.0,1.54
326,Curup,79,ID,2021-04-17,90,-3.4667,102.5333,21.83,0.76
327,Buarcos,0,PT,2021-04-17,87,40.166,-8.8768,11.67,1.54
328,Rozhyshche,51,UA,2021-04-17,95,50.9154,25.2691,5.56,0.89
329,Tabou,87,CI,2021-04-17,88,4.423,-7.3528,24.86,2.48
330,Dingle,100,PH,2021-04-17,60,10.9995,122.6711,28.97,7.06
331,San Rafael,43,AR,2021-04-17,61,-34.6177,-68.3301,20.56,0.62
332,Oktyabr'skiy,0,RU,2021-04-17,70,54.4815,53.471,3.7,2.38
333,Jiangyou,100,CN,2021-04-17,91,31.7667,104.7167,14.6,0.84
334,South Lake Tahoe,1,US,2021-04-17,19,38.9332,-119.9844,16.0,6.17
335,Vestmanna,100,FO,2021-04-17,87,62.1564,-7.1664,8.0,13.89
336,Ayorou,100,NE,2021-04-17,29,14.7308,0.9174,32.87,2.67
337,Tulsīpur,0,NP,2021-04-17,79,28.131,82.2973,25.56,0.89
338,Balikpapan,100,ID,2021-04-17,87,-1.2675,116.8289,25.19,1.56
339,Sittwe,0,MM,2021-04-17,63,20.15,92.9,26.22,2.08
340,Oistins,40,BB,2021-04-17,65,13.0667,-59.5333,26.0,8.75
341,Otane,6,NZ,2021-04-17,61,-39.8833,176.6333,18.33,2.24
342,Nouadhibou,0,MR,2021-04-17,83,20.931,-17.0347,18.36,9.61
343,Clyde River,90,CA,2021-04-17,85,70.4692,-68.5914,-14.0,5.66
344,Jaguarari,96,BR,2021-04-17,77,-10.2639,-40.1958,20.46,2.12
345,Kintinku,75,TZ,2021-04-17,88,-5.8833,35.2333,20.0,7.72
346,Jaranwala,11,PK,2021-04-17,70,31.3333,73.4333,18.37,2.75
347,Cavalcante,100,BR,2021-04-17,66,-13.7975,-47.4583,21.67,0.31
348,Voronezhskaya,75,RU,2021-04-17,93,45.2106,39.5667,10.0,2.0
349,Aklavik,100,CA,2021-04-17,42,68.2191,-135.0107,8.0,4.12
350,Olinda,75,BR,2021-04-17,88,-8.0089,-34.8553,23.0,0.51
351,Pevek,7,RU,2021-04-17,86,69.7008,170.3133,-3.34,7.67
352,Avera,40,US,2021-04-17,59,33.194,-82.5271,19.0,1.54
353,Tianmen,100,CN,2021-04-17,62,30.6516,113.1603,15.23,1.5
354,Kholodnyy,100,RU,2021-04-17,81,62.7167,147.95,-5.1,6.84
355,Buraidah,0,SA,2021-04-17,52,26.326,43.975,20.0,3.09
356,Port Shepstone,55,ZA,2021-04-17,81,-30.7414,30.455,16.33,5.36
357,Kendari,100,ID,2021-04-17,72,-3.945,122.4989,28.27,1.55
358,Hambantota,40,LK,2021-04-17,100,6.1241,81.1185,25.0,1.54
359,Faanui,62,PF,2021-04-17,73,-16.4833,-151.75,27.81,3.48
360,Tazovsky,100,RU,2021-04-17,96,67.4667,78.7,-18.25,3.93
361,Norman Wells,20,CA,2021-04-17,37,65.282,-126.8329,10.0,3.09
362,Macusani,49,PE,2021-04-17,90,-14.0833,-70.4333,1.17,1.65
363,Praia da Vitória,20,PT,2021-04-17,88,38.7333,-27.0667,16.0,3.18
364,Muisne,94,EC,2021-04-17,83,0.6,-80.0333,24.93,0.9
365,Vestmannaeyjar,100,IS,2021-04-17,61,63.4427,-20.2734,4.47,9.47
366,Bariloche,75,AR,2021-04-17,38,-41.1456,-71.3082,15.0,4.63
367,Shache,100,CN,2021-04-17,41,38.4167,77.2406,14.57,2.2
368,Santa Quitéria,90,BR,2021-04-17,88,-4.3319,-40.1567,22.52,1.04
369,Nyurba,100,RU,2021-04-17,83,63.2842,118.3319,-9.93,5.44
370,Makokou,100,GA,2021-04-17,96,0.5738,12.8642,20.58,1.01
371,Haines Junction,10,CA,2021-04-17,23,60.7522,-137.5108,14.0,2.57
372,Zhigansk,100,RU,2021-04-17,88,66.7697,123.3711,-9.37,5.76
373,Stříbro,90,CZ,2021-04-17,96,49.7529,13.0041,3.33,1.54
374,Bartlesville,90,US,2021-04-17,66,36.7473,-95.9808,11.0,3.72
375,Basco,100,PH,2021-04-17,69,20.4487,121.9702,24.57,15.34
376,Dok Kham Tai,83,TH,2021-04-17,83,19.1624,99.9934,23.5,1.3
377,Westport,90,US,2021-04-17,50,41.1415,-73.3579,11.0,3.09
378,Berja,75,ES,2021-04-17,82,36.8469,-2.9497,15.0,2.06
379,Matagami,90,CA,2021-04-17,61,49.7502,-77.6328,7.0,3.09
380,Lincoln,75,US,2021-04-17,54,40.8,-96.667,11.0,6.69
381,Sijunjung,100,ID,2021-04-17,90,-0.6876,100.9537,23.15,0.6
382,Claremore,90,US,2021-04-17,57,36.3126,-95.6161,10.56,2.06
383,Yar-Sale,29,RU,2021-04-17,98,66.8333,70.8333,-21.7,4.39
384,Nichinan,40,JP,2021-04-17,38,31.6,131.3667,14.0,7.72
385,Beloha,67,MG,2021-04-17,59,-25.1667,45.05,16.74,2.93
386,Itoman,75,JP,2021-04-17,52,26.1247,127.6694,20.0,11.32
387,Brae,1,GB,2021-04-17,75,60.3964,-1.353,6.0,8.23
388,São João da Barra,100,BR,2021-04-17,82,-21.6403,-41.0511,24.04,5.96
389,Antofagasta,0,CL,2021-04-17,82,-23.65,-70.4,17.0,3.09
390,Mutoko,100,ZW,2021-04-17,89,-17.397,32.2268,10.05,0.54
391,Porbandar,2,IN,2021-04-17,85,21.6422,69.6093,25.56,3.08
392,Jaciara,44,BR,2021-04-17,89,-15.9653,-54.9683,21.35,0.78
393,San Bartolo Cuitareo,1,MX,2021-04-17,11,19.6167,-100.6,28.0,7.2
394,Vaitape,68,PF,2021-04-17,73,-16.5167,-151.75,27.8,3.48
395,Portland,1,US,2021-04-17,15,45.5234,-122.6762,28.0,2.06
396,Cockburn Town,0,TC,2021-04-17,86,21.4612,-71.1419,25.59,6.39
397,Paraty,100,BR,2021-04-17,92,-23.2178,-44.7131,21.32,1.71
398,Tolbazy,0,RU,2021-04-17,60,54.0241,55.8825,1.0,4.0
399,Jaru,100,BR,2021-04-17,96,-10.4389,-62.4664,22.62,0.63
400,Chumikan,33,RU,2021-04-17,80,54.7183,135.315,-0.33,0.83
401,Padang,20,ID,2021-04-17,94,-0.9492,100.3543,24.0,0.51
402,Sofiyivka,0,UA,2021-04-17,81,48.0493,33.8746,3.0,1.83
403,Churapcha,100,RU,2021-04-17,69,62.0025,132.4325,-4.73,6.07
404,Kenai,1,US,2021-04-17,40,60.5544,-151.2583,12.0,5.14
405,Bloomington,75,US,2021-04-17,33,44.8408,-93.2983,13.0,4.63
406,Kindu,100,CD,2021-04-17,97,-2.95,25.95,20.15,0.31
407,Port Alberni,0,CA,2021-04-17,23,49.2413,-124.8028,26.11,1.17
408,Cache Creek,1,CA,2021-04-17,18,50.8101,-121.3246,28.0,4.12
409,Kumul,100,CN,2021-04-17,14,42.8,93.45,17.48,5.24
410,Saint-Leu,90,RE,2021-04-17,88,-21.15,55.2833,24.0,3.6
411,Vangaindrano,20,MG,2021-04-17,68,-23.35,47.6,16.58,3.32
412,Dubovyy Umët,0,RU,2021-04-17,48,52.9763,50.2857,5.0,2.0
413,Kibala,0,TD,2021-04-17,44,9.1104,18.3463,27.0,2.49
414,Fuxin,0,CN,2021-04-17,24,42.0156,121.6589,12.04,2.74
415,Saint Anthony,90,US,2021-04-17,33,45.0205,-93.218,13.0,4.63
416,Mersing,20,MY,2021-04-17,100,2.4312,103.8405,22.0,3.6
417,Altay,4,CN,2021-04-17,55,47.8667,88.1167,8.15,0.97
418,Loa Janan,100,ID,2021-04-17,92,-0.583,117.095,24.39,1.5
419,Río Gallegos,40,AR,2021-04-17,54,-51.6226,-69.2181,11.0,4.63
420,Burayevo,1,RU,2021-04-17,73,55.8407,55.4083,2.98,2.02
421,San Quintín,0,MX,2021-04-17,71,30.4833,-115.95,15.69,6.41
422,Jalu,17,LY,2021-04-17,24,29.0331,21.5482,25.99,4.88
423,Krasne,68,UA,2021-04-17,100,49.9145,24.6134,2.78,0.14
424,Yashiro,40,JP,2021-04-17,62,34.9167,134.9667,14.0,8.75
425,Nanning,90,CN,2021-04-17,100,22.8167,108.3167,18.0,1.0
426,Gardner,90,US,2021-04-17,66,42.5751,-71.9981,8.0,1.44
427,Storslett,96,NO,2021-04-17,71,69.7678,21.0247,-0.09,4.09
428,Talnakh,50,RU,2021-04-17,93,69.4865,88.3972,-26.52,0.38
429,Belmonte,0,BR,2021-04-17,69,-15.8631,-38.8828,25.0,3.09
430,Najrān,40,SA,2021-04-17,32,17.4924,44.1277,21.0,2.13
431,Gīdolē,97,ET,2021-04-17,85,5.65,37.3667,13.07,1.52
432,Nelson Bay,90,AU,2021-04-17,94,-32.7167,152.15,16.67,6.69
433,Bonthe,99,SL,2021-04-17,83,7.5264,-12.505,25.92,0.97
434,Verāval,0,IN,2021-04-17,82,20.9,70.3667,25.3,4.6
435,Lompoc,10,US,2021-04-17,72,34.6391,-120.4579,14.0,5.66
436,Shimoda,20,JP,2021-04-17,51,34.6667,138.95,17.78,9.77
437,Puerto Escondido,20,MX,2021-04-17,78,15.85,-97.0667,28.0,5.14
438,Pokhara,2,NP,2021-04-17,26,28.2333,83.9833,22.04,2.55
439,Dongying,0,CN,2021-04-17,16,37.4564,118.4856,16.14,4.0
440,Pitimbu,0,BR,2021-04-17,100,-7.4706,-34.8086,23.0,2.57
441,Nālūt,100,LY,2021-04-17,59,30.3333,10.85,16.92,5.64
442,Sabang,100,ID,2021-04-17,72,5.8933,95.3214,28.35,4.14
443,Togur,100,RU,2021-04-17,83,58.3631,82.8265,0.22,5.67
444,Bahir Dar,25,ET,2021-04-17,56,11.5936,37.3908,19.03,2.64
445,Puerto Quijarro,11,BO,2021-04-17,66,-17.7833,-57.7667,25.76,0.12
446,Evensk,100,RU,2021-04-17,87,61.95,159.2333,-4.33,5.46
447,Kyzyl-Suu,100,KG,2021-04-17,54,42.3414,78.0056,7.41,1.57
448,Praia,20,CV,2021-04-17,78,14.9215,-23.5087,21.0,9.26
449,Acarigua,89,VE,2021-04-17,59,9.5545,-69.1956,27.22,1.54
450,Bongandanga,100,CD,2021-04-17,94,1.5,21.05,21.43,1.41
451,Biak,81,ID,2021-04-17,66,-0.9131,122.8766,27.67,1.78
452,Tuatapere,62,NZ,2021-04-17,74,-46.1333,167.6833,15.0,3.58
453,Mount Gambier,90,AU,2021-04-17,94,-37.8333,140.7667,15.0,3.09
454,Praia,20,CV,2021-04-17,78,14.9215,-23.5087,21.0,9.26
455,Port Hardy,1,CA,2021-04-17,37,50.6996,-127.4199,21.0,4.63
456,Sheltozero,3,RU,2021-04-17,96,61.3667,35.3667,-1.08,1.65
457,Guerrero Negro,0,MX,2021-04-17,71,27.9769,-114.0611,16.41,9.39
458,Cabedelo,0,BR,2021-04-17,100,-6.9811,-34.8339,23.0,2.57
459,Malpe,20,IN,2021-04-17,89,13.35,74.7167,27.0,1.54
460,Tālīkota,12,IN,2021-04-17,39,16.4833,76.3167,28.87,3.54
461,Bandar-e Lengeh,95,IR,2021-04-17,78,26.5579,54.8807,23.0,1.24
462,Asău,49,RO,2021-04-17,54,46.4333,26.4,4.44,1.47
463,Mumbwa,100,ZM,2021-04-17,77,-14.9783,27.0619,15.68,4.01
464,Banjarmasin,66,ID,2021-04-17,78,-3.3244,114.591,27.0,1.54
465,Tezu,49,IN,2021-04-17,56,27.9167,96.1667,24.13,0.46
466,Mehamn,68,NO,2021-04-17,81,71.0357,27.8492,1.42,5.09
467,Vanimo,96,PG,2021-04-17,65,-2.6741,141.3028,29.27,2.2
468,Kargil,100,IN,2021-04-17,71,34.5667,76.1,-0.38,3.21
469,Koumac,65,NC,2021-04-17,65,-20.5667,164.2833,27.82,2.01
470,Flagstaff,90,US,2021-04-17,52,35.1981,-111.6513,7.78,3.6
471,Tadine,47,NC,2021-04-17,67,-21.55,167.8833,26.37,5.18
472,Arenápolis,21,BR,2021-04-17,94,-14.4503,-56.8461,21.78,1.92
473,Boo,69,SE,2021-04-17,75,59.3333,18.2833,4.44,1.54
474,Katobu,95,ID,2021-04-17,66,-4.9408,122.5276,29.08,1.55
475,Ginda,0,IN,2021-04-17,64,30.6945,78.4932,8.94,3.37
476,Petropavlovsk-Kamchatskiy,100,RU,2021-04-17,34,53.0452,158.6483,10.0,4.0
477,Monticello,40,US,2021-04-17,32,45.3055,-93.7941,12.0,2.5
478,Dzilam González,30,MX,2021-04-17,56,21.2833,-88.9333,30.0,3.28
479,Isangel,75,VU,2021-04-17,83,-19.55,169.2667,28.0,1.54
480,Montebello,1,US,2021-04-17,43,34.0095,-118.1053,23.33,4.12
481,Husavik,75,IS,2021-04-17,100,66.0449,-17.3389,3.0,2.06
482,San-Pédro,98,CI,2021-04-17,91,4.7485,-6.6363,24.33,1.48
483,Hella,0,NO,2021-04-17,65,67.2,14.4333,4.0,5.66
484,Enid,90,US,2021-04-17,66,36.3956,-97.8784,11.0,3.6
485,Mikhaylovsk,40,RU,2021-04-17,93,45.1283,42.0256,8.0,3.0
486,Pavlovka,100,RU,2021-04-17,86,52.6897,47.1405,9.23,3.22
487,Saint-Louis,0,SN,2021-04-17,25,16.3333,-15.0,31.0,1.03
488,La Unión,100,PE,2021-04-17,61,-5.4,-80.75,24.14,7.31
489,Kalabo,1,ZM,2021-04-17,56,-14.97,22.6814,16.75,3.13
490,Taree,90,AU,2021-04-17,72,-31.9,152.4667,18.89,4.12
491,Linguère,0,SN,2021-04-17,19,15.3953,-15.1193,32.0,3.09
492,Esmeraldas,0,BR,2021-04-17,72,-19.7625,-44.3139,20.0,1.03
493,Bahía Honda,4,CU,2021-04-17,82,22.9036,-83.1592,24.88,1.14
494,Sistranda,0,NO,2021-04-17,93,63.7256,8.834,3.0,2.57
495,Shakawe,0,BW,2021-04-17,61,-18.3667,21.85,15.67,2.72
496,Barranca,96,PE,2021-04-17,87,-10.75,-77.7667,19.58,2.49
497,Mitsamiouli,32,KM,2021-04-17,76,-11.3847,43.2844,27.06,6.81
498,Stillwater,90,US,2021-04-17,58,36.1156,-97.0584,12.0,3.6
499,Vanavara,84,RU,2021-04-17,74,60.34,102.2797,-7.96,3.26
500,Lashio,1,MM,2021-04-17,62,22.9333,97.75,21.09,0.17
501,Yantal',58,RU,2021-04-17,65,56.8471,105.2542,-6.31,2.63
502,Boquira,100,BR,2021-04-17,47,-12.8231,-42.7306,24.93,1.0
503,Ternate,44,ID,2021-04-17,73,0.8,127.4,28.4,3.02
504,Santiago del Estero,79,AR,2021-04-17,67,-27.7951,-64.2615,24.6,1.86
505,Fort Frances,1,CA,2021-04-17,28,48.5999,-93.4003,12.0,4.63
506,Puerto Colombia,0,CO,2021-04-17,78,10.9878,-74.9547,28.0,3.6
507,Edd,33,ER,2021-04-17,48,13.9297,41.6925,29.6,4.19
508,Bonavista,99,CA,2021-04-17,93,48.6499,-53.1147,1.67,2.06
509,Codrington,84,AU,2021-04-17,72,-38.2667,141.9667,16.66,4.56
510,Massaguet,0,TD,2021-04-17,10,12.4755,15.4365,27.0,1.54
511,Fort-Shevchenko,100,KZ,2021-04-17,52,44.5086,50.263,14.69,3.96
512,Xai-Xai,43,MZ,2021-04-17,64,-25.0519,33.6442,19.14,0.32
513,Nkoteng,100,CM,2021-04-17,97,4.5167,12.0333,20.57,1.25
514,Kropotkin,100,RU,2021-04-17,92,45.4375,40.5756,8.7,2.95
515,Lagoa,13,PT,2021-04-17,91,39.05,-27.9833,16.05,8.23
516,Mazatlán,1,MX,2021-04-17,61,23.2167,-106.4167,26.67,3.6
517,Honiara,86,SB,2021-04-17,71,-9.4333,159.95,30.0,2.62
518,Makkah al Mukarramah,73,SA,2021-04-17,44,21.4267,39.8261,26.87,7.2
519,Saint-Joseph,90,RE,2021-04-17,88,-21.3667,55.6167,23.0,3.6
520,Kushima,40,JP,2021-04-17,47,31.4583,131.2333,14.0,8.75
521,Buala,97,SB,2021-04-17,67,-8.145,159.5921,29.92,2.83
522,Mangan,100,IN,2021-04-17,69,27.5167,88.5333,18.98,1.57
523,Malmesbury,0,ZA,2021-04-17,77,-33.4608,18.7271,20.56,2.06
524,Smidovich,7,RU,2021-04-17,63,48.6,133.8167,8.65,1.88
525,Linxi,0,CN,2021-04-17,15,39.7,118.4333,15.3,3.49
526,Karasjok,100,NO,2021-04-17,80,69.4719,25.5112,1.0,2.45
527,Kupang,17,ID,2021-04-17,70,-10.1667,123.5833,28.14,3.17
528,Sukumo,59,JP,2021-04-17,55,32.9333,132.7333,11.97,6.47
529,Khovu-Aksy,11,RU,2021-04-17,58,51.1333,93.6,0.64,1.06
530,Tari,72,NG,2021-04-17,25,12.4086,4.4914,31.88,3.94
531,Lae,75,PG,2021-04-17,83,-6.7221,146.9847,27.0,2.06
532,Messina,90,IT,2021-04-17,71,38.1933,15.5497,13.89,2.06
533,Vallenar,0,CL,2021-04-17,66,-28.5708,-70.7581,18.71,0.67
534,Ocampo,5,MX,2021-04-17,7,21.65,-101.5,22.42,6.17
535,Llanes,0,ES,2021-04-17,81,43.4198,-4.7549,5.0,0.89
536,Palmer,90,US,2021-04-17,81,42.1584,-72.3287,5.56,1.18
537,Ola,100,RU,2021-04-17,86,59.5833,151.2833,-1.21,2.6
538,Aksu,75,CN,2021-04-17,28,41.1231,80.2644,14.5,1.8
539,Kendal,100,GB,2021-04-17,73,54.3268,-2.7476,6.67,0.9
540,Muzhi,14,RU,2021-04-17,96,65.3667,64.6667,-22.12,1.77
541,Bartica,0,GY,2021-04-17,83,6.4,-58.6167,26.0,3.09
542,Vao,24,NC,2021-04-17,77,-22.6667,167.4833,23.85,8.09
543,Bonfim,30,BR,2021-04-17,66,3.0833,-59.95,26.66,3.99
544,Izhma,100,RU,2021-04-17,88,65.0083,53.9113,-6.62,3.69
545,Srandakan,34,ID,2021-04-17,77,-7.9386,110.2506,26.72,1.12
546,Olafsvik,100,IS,2021-04-17,63,64.8945,-23.7142,2.76,7.07
547,Nome,1,US,2021-04-17,75,64.5011,-165.4064,1.0,4.12
548,Nehe,0,CN,2021-04-17,37,48.4833,124.8333,9.69,5.0
549,Adré,100,TD,2021-04-17,10,13.4667,22.2,23.34,4.72
550,Taikang,0,CN,2021-04-17,36,46.8333,124.4167,9.8,5.91
551,Benidorm,54,ES,2021-04-17,82,38.5382,-0.131,11.11,0.89
552,Maryborough,57,AU,2021-04-17,71,-25.5333,152.7,23.89,2.24
553,Mbaïki,100,CF,2021-04-17,96,3.8678,17.9892,21.1,1.05
554,Pochutla,0,MX,2021-04-17,73,15.7432,-96.4661,27.22,3.13
555,Sikasso,100,ML,2021-04-17,57,10.9167,-7.0,25.94,1.65
556,Lengshuijiang,100,CN,2021-04-17,91,27.6881,111.4294,15.27,1.18
557,Abu Kamal,12,SY,2021-04-17,24,34.4506,40.9171,22.38,0.84
558,Salalah,0,OM,2021-04-17,50,17.0151,54.0924,25.0,2.06
559,Gigmoto,100,PH,2021-04-17,92,13.7796,124.39,25.52,12.2
560,Ngunguru,100,NZ,2021-04-17,59,-35.6167,174.5,18.89,1.79
561,Yoichi,75,JP,2021-04-17,93,43.2039,140.7703,9.0,5.14
562,Miraflores,40,MX,2021-04-17,17,19.2167,-98.8083,27.0,6.17
563,Maniitsoq,17,GL,2021-04-17,75,65.4167,-52.9,-14.25,6.61
